,Diebold-Mariano Test statistic,Diebold-Mariano P Value
garch vs. rf_picked,4.259184804164125,2.051737908663733e-05
garch vs. rf_whole,4.158820017577407,3.198958272031054e-05
rf_picked vs. rf_whole,-2.7081105974659865,0.00676674684827294
