,Diebold-Mariano Test statistic,Diebold-Mariano P Value
garch vs. rf_picked,4.270755831394304,1.948116037116526e-05
garch vs. rf_whole,4.171758642960771,3.0225770646310668e-05
rf_picked vs. rf_whole,-2.7081105974659865,0.00676674684827294
