,mse,mae,rmse
"garch(1,1)_model_forecast",1.221788663288347e-05,0.0020230877733874663,0.0034954093655655658
picked_model_forecast,1.4912136250993595e-06,0.00086855857441344,0.0012211525805972648
whole_model_forecast,3.0603913937738188e-06,0.0010911916764444122,0.0017493974373405886
